Lecturer_ID,Lecturer_Name
L001,Lecturer 1
L002,Lecturer 2
L003,Lecturer 3
L004,Lecturer 4
L005,Lecturer 5
L006,Lecturer 6
L007,Lecturer 7
L008,Lecturer 8
L009,Lecturer 9
L010,Lecturer 10
L011,Lecturer 11
L012,Lecturer 12
L013,Lecturer 13
L014,Lecturer 14
L015,Lecturer 15
L016,Lecturer 16
L017,Lecturer 17
L018,Lecturer 18
L019,Lecturer 19
L020,Lecturer 20
L021,Lecturer 21
L022,Lecturer 22
L023,Lecturer 23
L024,Lecturer 24
L025,Lecturer 25
L026,Lecturer 26
L027,Lecturer 27
L028,Lecturer 28
L029,Lecturer 29
L030,Lecturer 30
L031,Lecturer 31
L032,Lecturer 32
L033,Lecturer 33
L034,Lecturer 34
L035,Lecturer 35
